PIDN,Ca,P,pH,SOC,Sand
09gt9UK5,0.08259279,0.10620677,0.580157,0.20006792,0.08557904
0BVvxJ6a,0.41236648,0.20291059,0.7799507,0.4021942,0.010559279
0KbdgApg,0.23254895,0.172134,0.6214451,0.58506376,0.0056500523
0MnuuduB,0.4295337,0.32550907,0.6064676,0.9051927,0.0003194989
0PcIsF9z,0.07459573,0.09413911,0.29864937,0.41473117,0.15160353
0ShTFLYJ,0.049321342,0.05345981,0.6283851,0.024583953,0.17972824
0XZh9jka,0.40678966,0.39689103,0.46868184,0.95347583,0.0006320815
0Y7Wegri,0.2800847,0.26007012,0.7645734,0.49719587,0.33803266
0dTqplIM,0.5500183,0.31231406,0.7823785,0.7676438,0.0035159176
0lNiZicC,0.041130666,0.03822621,0.46237883,0.093965955,0.013045478
0rGeJ0QN,0.13571048,0.2614316,0.5600789,0.54567343,0.40487683
0sXI9ytQ,0.063963555,0.23063685,0.61296725,0.06686916,0.99084
0ukt4aP6,0.5536176,0.1829729,0.87548476,0.28518766,0.011219131
1AGspb8f,0.08800501,0.10789585,0.39200252,0.69111574,0.0034605216
1Csy0gvE,0.08275424,0.20130685,0.6020454,0.13468215,0.93881416
1Ic2hly1,0.20556042,0.32767344,0.5949409,0.4807406,0.33113322
1PPbaTwt,0.12728149,0.081195146,0.7014018,0.19454166,0.012871985
1SO5VJNy,0.1330567,0.26242277,0.6350034,0.19070688,0.9489481
1arHxK3Y,0.8437837,0.4254461,0.9233482,0.6570639,0.027957134
1fCW4Bba,0.1436162,0.36723962,0.6170431,0.38062322,0.2337976
1qDZNvIm,0.0675624,0.25776702,0.554565,0.12876236,0.93925273
28LYJC2V,0.16448389,0.15512241,0.47887376,0.7726629,0.020050786
2CzACvQq,0.67556626,0.22274354,0.890308,0.5465751,0.006964636
2FT3crfv,0.3193848,0.27113298,0.5836234,0.77571064,0.0044849557
2Fy2uHVg,0.04577312,0.057972163,0.4808168,0.1602106,0.016273942
2MkMEApm,0.15677392,0.39517048,0.6972095,0.18719938,0.8652301
2NDGWEOe,0.8158801,0.2714342,0.9533065,0.37769046,0.006338501
2NyyCiqn,0.1377757,0.23891969,0.67564964,0.19326605,0.92585474
2QRzIb84,0.6942751,0.30888632,0.9001191,0.45966905,0.05911173
2QcbdrUZ,0.096794054,0.27905616,0.57320374,0.13170162,0.61638474
2YgAimWK,0.16541468,0.3163657,0.6636744,0.29168054,0.49764436
2cx85d9H,0.30127987,0.14149094,0.63954854,0.5514126,0.0033464928
2homMXMV,0.12830882,0.19995,0.48746112,0.48680714,0.49241525
2ldLrUtq,0.081852965,0.08179364,0.40412572,0.34455457,0.003374213
2nsACW6G,0.095113695,0.09789976,0.20979056,0.9344216,8.082716e-05
2yMbVnWc,0.30828226,0.37146175,0.49645346,0.9582289,0.053254955
36r8sgGQ,0.09679597,0.18410267,0.64105713,0.08755096,0.9205171
3NXAXCl3,0.11173289,0.083987325,0.30692482,0.81906044,0.00045875352
3QG0z6fl,0.0835821,0.082784235,0.6130805,0.19828199,0.021183161
3WS8R9qm,0.38423687,0.19345808,0.33890954,0.9862104,6.02117e-05
3fRLm8f5,0.13141476,0.18113516,0.48142692,0.51296985,0.29558733
3mZhp1nQ,0.1041621,0.21486077,0.56742704,0.1778976,0.47122532
3pikJXRL,0.0767173,0.0667706,0.295967,0.6981631,0.00053029845
3pxOEGHL,0.08758249,0.16752791,0.6323137,0.112169765,0.87435544
3ttdV3f5,0.06343621,0.19655417,0.4833474,0.19674666,0.102620855
3v4X6Mfe,0.76027554,0.17167822,0.94732773,0.26870275,0.014933331
3wORuPiv,0.16833505,0.16474062,0.4948941,0.65718836,0.00081085233
43EfrxZj,0.36778522,0.21993284,0.7155642,0.7303886,0.005902683
457Vwm21,0.39298806,0.24878724,0.7835758,0.61994404,0.055865318
46KNnOdx,0.07859829,0.112359986,0.3534795,0.55993754,0.11817268
47TwNsVC,0.1256402,0.096113466,0.2140576,0.95812,6.462942e-05
49856RpO,0.068799615,0.058491632,0.4366476,0.41750237,0.003871586
4Ane1o2N,0.0908015,0.15466703,0.59345454,0.17535216,0.42821077
4AyVUgSc,0.05869756,0.069781736,0.51537085,0.10686885,0.04810663
4B1951On,0.20044678,0.0963474,0.724792,0.35124704,0.0023825546
4OL39Teo,0.35367125,0.2735897,0.72393465,0.71847105,0.014596748
4eQ90eLY,0.25311905,0.19781001,0.62629646,0.7684551,0.0020465096
4o5jwMj8,0.17560199,0.13073467,0.66552293,0.20698117,0.23791918
4vPgpl2c,0.084971294,0.1312367,0.5774408,0.21810006,0.08081919
51r9aA0d,0.070068456,0.06995718,0.49332076,0.15196778,0.022989297
58SmeRoP,0.26160535,0.15746577,0.4642999,0.7052148,0.007713525
5HJp1AXn,0.1837777,0.23991951,0.4816324,0.7359738,0.059030607
5MBZW7fx,0.4360025,0.2014947,0.8660385,0.33343637,0.005063122
5Nq3gHaP,0.48674935,0.35827628,0.7997102,0.7671385,0.016578626
5RmwFFK3,0.5907835,0.3159837,0.79708916,0.66889626,0.005307463
5Tu5Jbov,0.075556844,0.09135879,0.48687595,0.40388468,0.012101856
5YEolkev,0.12345064,0.09365335,0.5776229,0.31265208,0.0065027815
5a8sf6QV,0.28290898,0.190823,0.73847723,0.47641724,0.005523999
5eSvmqYm,0.081123315,0.124890946,0.59706783,0.11756939,0.0401021
5hkN8fiv,0.1322671,0.10168057,0.31060153,0.78184766,0.0077141817
5oK8Gti5,0.10540275,0.15983613,0.6364695,0.21273246,0.2957588
5paniGaU,0.0302708,0.16251493,0.5166666,0.060768828,0.9928262
5vsr7ZUP,0.4775486,0.16247596,0.8028391,0.21181852,0.014317919
60B4xMWI,0.42133293,0.24399072,0.8259115,0.27531895,0.08634919
64jOUtKy,0.53046143,0.36463386,0.76347166,0.89181405,0.004822327
6AJo4xNG,0.19192933,0.27260488,0.5365569,0.54415023,0.11847623
6CAvhEte,0.10567175,0.09464487,0.623397,0.24707332,0.024377361
6CuGYjT5,0.9633111,0.369051,0.9514105,0.7585494,0.0030573313
6DGH8ujZ,0.07348977,0.07706764,0.2690615,0.631346,0.019702133
6PzsGdVm,0.12733859,0.12825552,0.41058397,0.6765351,0.04482089
6UcSJMbq,0.62388426,0.29917064,0.8776327,0.33767194,0.05072599
6WJbkH8U,0.85179514,0.21559921,0.94127077,0.45401818,0.0035991352
6eUWsVzw,0.43053806,0.15086962,0.8408341,0.28799555,0.004228129
6gNyO7Do,0.35013533,0.20578276,0.6731923,0.6610553,0.0062893988
6jT0AyHe,0.31748298,0.1948023,0.6455534,0.7403991,0.0015306147
6nBgCvWu,0.078138255,0.31379968,0.52817065,0.17638518,0.8751979
6ro5mqg6,0.12236744,0.24855718,0.57796293,0.22726208,0.87727755
6sGqObX4,0.06103307,0.059507728,0.4372689,0.42003646,0.0014045647
6uEGy0n4,0.95442843,0.33718368,0.97459036,0.5387554,0.0025852176
7BZ4LxP8,0.37024215,0.121582925,0.75680995,0.5661727,0.00068697135
7CmigXKi,0.08744962,0.06463681,0.5583749,0.23220073,0.0043426706
7Ga0LpfR,0.7291066,0.5517703,0.75758713,0.91192424,0.010595603
7PQsFvsG,0.14051208,0.13378027,0.33799714,0.82393426,0.012085182
7aF7nnwn,0.06456831,0.080913424,0.63993293,0.03738572,0.73274523
7asGzfX9,0.30163327,0.24004965,0.7272705,0.44297394,0.046448726
7cg7C92o,0.4023299,0.37494323,0.7456408,0.7325589,0.03117456
7eOxTpsB,0.16019654,0.21074812,0.7345468,0.14977588,0.8789735
7ey0v7ma,0.13946824,0.09762591,0.3622113,0.78368485,0.00030898515
7gocyrYl,0.22089931,0.20291199,0.5248968,0.7872433,0.029802276
7gqR3GoA,0.083870254,0.122816905,0.52478147,0.18832201,0.12252176
7og7aUXB,0.32809895,0.23805587,0.66872406,0.6340395,0.012591244
7onRfa8F,0.38325018,0.31211028,0.7781054,0.3469481,0.76648766
7umkNuxM,0.19387837,0.17592387,0.56309724,0.5761868,0.027087048
7vPr9ExD,0.2235971,0.17648521,0.6745916,0.51611394,0.00924123
7zNjpCzu,0.06986643,0.095469534,0.5306649,0.31735218,0.004746713
7ztsQNj3,0.054487888,0.102806464,0.49346662,0.34734684,0.018326974
86gppwMI,0.10003365,0.129692,0.5133957,0.37756497,0.74096566
88thAGdL,0.12737545,0.16497596,0.56729126,0.4388134,0.060333855
8GhU8STP,0.8602572,0.3281894,0.92604864,0.7096196,0.0041919663
8NlzDcWe,0.06555478,0.065302774,0.5428914,0.09469402,0.11973329
8QAejdLW,0.19702432,0.16043204,0.5707394,0.6074487,0.004135533
8RDeFxWM,0.080655485,0.17157847,0.5885436,0.14373071,0.92149454
8UXP2NBS,0.06939678,0.10628537,0.57770586,0.11788622,0.015016567
8ZoV3KGT,0.21923068,0.12825474,0.72033983,0.40815347,0.008170649
8ajs2uG8,0.092334025,0.07067566,0.46921653,0.4893363,0.00201672
8bXnz62p,0.32856643,0.32135618,0.729443,0.62878126,0.05654619
8nO1O1LG,0.9152458,0.42647833,0.9406454,0.8836986,0.0036284663
8xE1p8g8,0.08505601,0.088669494,0.5289112,0.36003155,0.0011307326
8yMDVMRM,0.052907523,0.05536448,0.37730598,0.33785442,0.00561308
98R5VaPi,0.6909003,0.2723828,0.89602226,0.33536163,0.22079998
9DcTz2Ua,0.9673418,0.4067293,0.957885,0.7637355,0.007088705
9G7nfUrK,0.26065552,0.3642371,0.71533334,0.32886928,0.4576328
9O6GZ1HT,0.5960651,0.23575704,0.89654994,0.34885433,0.009060722
9S7fCoAM,0.0832871,0.30367622,0.5541581,0.16295232,0.58424366
9iQwmFJR,0.17481065,0.11270258,0.67912,0.31349626,0.005458697
A3Mt6SAQ,0.8372273,0.23355906,0.9558883,0.19029433,0.1427429
AJIsQIcV,0.097134836,0.09249269,0.6070033,0.23840468,0.017493412
AMHKXMh8,0.9261215,0.33871764,0.96518975,0.58400196,0.003601852
ASwA2J4E,0.15185392,0.2518905,0.6710134,0.19434838,0.937468
AaFvEoHq,0.23644502,0.18784823,0.7803028,0.17456922,0.4141308
AiIPD6hX,0.19152227,0.16845469,0.55852133,0.739703,0.0031960434
AsIURvJS,0.24792477,0.18806526,0.3917723,0.93952435,0.00045077878
AsvgbJ0C,0.17652945,0.1585871,0.45127624,0.6809059,0.055208564
AxEhbkCM,0.040760197,0.04749313,0.37931332,0.13322367,0.0044896035
B7VPkIpx,0.25886315,0.20364764,0.80848444,0.19776715,0.027839812
BBwHqHiH,0.2373113,0.16311534,0.6198512,0.6671169,0.00165334
BMyps8hr,0.22007328,0.1104918,0.6491549,0.5843847,0.0007453244
BUHS4dQw,0.44970846,0.32885084,0.61048746,0.9593015,0.005325707
BZB3EYWQ,0.14150026,0.28536773,0.6362863,0.2926526,0.88690233
C5UPCZcL,0.97461104,0.3186143,0.9412578,0.8483021,0.0043155854
C5gIfQbJ,0.082289025,0.090935215,0.17924625,0.92018914,0.000265021
CDRuu4Pn,0.09426815,0.15239285,0.69129765,0.09700459,0.86925656
CQhTYkqE,0.49114782,0.23122495,0.8048077,0.4536601,0.005168739
CSEobMXv,0.07992218,0.08237602,0.26038292,0.81342673,0.0007202224
CYMQE4x0,0.64207184,0.25539377,0.9196624,0.46365932,0.038998492
ChQdtl4J,0.09359294,0.23035562,0.57182926,0.17133752,0.2108751
ChnD1nrN,0.04525597,0.044664104,0.47444892,0.10401707,0.0135351205
CvtbbIcq,0.6447141,0.24454598,0.87653935,0.56648797,0.0071295486
Cxk06b77,0.37972,0.29408786,0.77803344,0.5241747,0.017228255
D3QD3ZEJ,0.14615719,0.16185462,0.5901152,0.5395867,0.10998695
D8J5C6lA,0.8114698,0.38666347,0.9314403,0.6222769,0.006137807
DCeQwYfT,0.21642984,0.18854204,0.6747729,0.50467086,0.031704217
DDEftkx3,0.03606417,0.19713685,0.515014,0.091788776,0.9912612
DEwCfeDW,0.25124583,0.28708503,0.6738205,0.60377777,0.041289654
DMkIV4oL,0.060019556,0.12919852,0.5192089,0.11779729,0.8206742
DnzGfbxS,0.28590798,0.16503075,0.7066188,0.65695333,0.00097502937
DoZxo6f6,0.11759215,0.20260428,0.6108635,0.26416516,0.30193263
DvhBPGIk,0.11020498,0.122177705,0.50336266,0.35047698,0.02809282
Dx7GoUcT,0.059650265,0.28144062,0.519741,0.09973002,0.9047195
E5hIjohO,0.6439343,0.342467,0.80325156,0.8461881,0.0011138263
E6x4XGHt,0.14052057,0.1427659,0.6631481,0.2611983,0.090827644
EDEpAzh1,0.08882639,0.08510851,0.5078352,0.4347243,0.00016955975
ETGudkQt,0.167528,0.26174432,0.6341471,0.32317358,0.14367144
EUleKrLJ,0.927863,0.392794,0.94427663,0.7203302,0.016882118
Ehw2Jz6s,0.10206327,0.07567739,0.61605924,0.26791617,0.02037365
EjqzC4zH,0.23661704,0.16441947,0.8025277,0.18487076,0.020773685
EkMZO3Qj,0.14177483,0.297155,0.59125066,0.23720476,0.41638586
EnoNXWvU,0.6633078,0.29980546,0.9003991,0.32892504,0.02950831
Epv8ANwr,0.15949127,0.16997933,0.5645877,0.5773566,0.070492096
Etro9j0B,0.4327351,0.36688748,0.79952955,0.65754956,0.013264372
F3MIZj76,0.09816068,0.13477656,0.398116,0.5647355,0.0413257
FB8tU00K,0.13508853,0.14303808,0.41743794,0.74222463,0.027011912
FLhxBGMK,0.3318565,0.24821497,0.62250084,0.6486118,0.0015065538
FRreR8ka,0.11360564,0.21834919,0.54855514,0.25481477,0.19647987
FXne4oAV,0.56861866,0.3063486,0.8330668,0.45703107,0.008147088
FaW764jk,0.34657198,0.31909096,0.7817405,0.4645959,0.040113606
FeAbMXly,0.060554963,0.11438879,0.5109294,0.11514411,0.84152615
FeudaFXn,0.9393214,0.2618401,0.9594425,0.38338077,0.003746312
FldUmFeM,0.8065637,0.19839956,0.90688145,0.42709148,0.02829871
Fnv5tfAm,0.07059247,0.11072261,0.47838923,0.49366322,0.018685859
FvrAd3Or,0.4184018,0.16428599,0.814053,0.21910243,0.112376764
G48zHffi,0.59319997,0.19173144,0.8832743,0.279878,0.14262809
G76zCv5N,0.08540158,0.1288605,0.5083915,0.2830678,0.20108294
G7JGUdNf,0.28832102,0.12187553,0.7166382,0.46614513,0.0013313402
GCo6MONx,0.872252,0.41000593,0.9185438,0.75701314,0.007940045
GE0vbpVQ,0.28424758,0.135118,0.81258684,0.23866878,0.030936502
GN0DfOqt,0.22212087,0.33924517,0.70309746,0.30374703,0.4465719
GNsTAb1v,0.13841636,0.12180613,0.44078752,0.6567508,0.00010714135
GPwmO21z,0.13497567,0.13554637,0.5472672,0.5161567,0.021952383
GQYpfLoh,0.60386515,0.32596967,0.7267989,0.7523434,0.0045797257
GR9knT8n,0.13117948,0.11450533,0.33298,0.7831108,0.014910109
GXtFFbZy,0.28670573,0.2131785,0.5219558,0.65380555,0.054474298
GYvzvvFD,0.07456685,0.0996656,0.42285877,0.48990592,0.10159019
GemPjTJ9,0.14609267,0.19894901,0.41308415,0.662353,0.035292823
GkLYRm1K,0.9479928,0.2932599,0.9679698,0.43721685,0.0024648847
GmlqP8eI,0.03872512,0.03623031,0.33532923,0.12632002,0.0067067244
GqkIrOvf,0.17488961,0.18475021,0.48654816,0.84803236,0.005736297
H0fsegPi,0.060635135,0.15380448,0.53495514,0.12022042,0.36688602
H4dHpJjU,0.9295348,0.38049358,0.95553714,0.7813803,0.0043093567
H5QwJCuU,0.92816824,0.4760371,0.9394027,0.7496821,0.013306697
H5uwmSZ0,0.115831934,0.17181402,0.56698096,0.1806942,0.5581306
H8MtbVoL,0.15346076,0.11915102,0.63015497,0.39400962,0.007501374
H9JrUYnp,0.12683369,0.26420596,0.55707777,0.32754275,0.32074943
HHYmmHVk,0.05797056,0.15271583,0.6115806,0.07871599,0.9654456
HJ5U4uqL,0.043244917,0.050414674,0.34665018,0.35532448,0.016522039
HNQxYc4w,0.11423474,0.094680175,0.6285835,0.13458343,0.12363032
HQYhKHZ8,0.058004763,0.06926689,0.4233211,0.2547361,0.014081688
HSCMx0MC,0.08510419,0.17303404,0.58783215,0.18006134,0.9232538
HXYuE0fx,0.94789475,0.3134635,0.9545907,0.70774424,0.0026773682
HdKcxEWr,0.44644606,0.3888001,0.7785254,0.6767125,0.03174041
HecW1iCC,0.10995808,0.098745026,0.4545325,0.5042375,0.000178399
HpbKB8rv,0.107186876,0.0815913,0.29119694,0.85203296,0.00047746478
HrkoYjCg,0.26717168,0.30532348,0.51786906,0.86143893,0.012217532
I5P2uquT,0.20332655,0.12264402,0.7164569,0.33140588,0.0034660017
I94qkDM7,0.059453815,0.08913504,0.40847135,0.29864034,0.35182497
I9sQbtt8,0.20911522,0.15904023,0.379255,0.92539054,0.0015459912
IFxgw6ZX,0.13378094,0.14658327,0.5580991,0.3827438,0.008607552
IPPPSyoU,0.09023507,0.08326551,0.39967254,0.5838661,0.010367834
IQOYQubU,0.8702539,0.27994174,0.92117345,0.6941791,0.0055271387
IYNE2SxU,0.053462625,0.059895877,0.487116,0.34766442,0.0021884025
IZRFk9kN,0.27644315,0.26725513,0.7415609,0.461583,0.042499106
Iaq3v0t3,0.85998654,0.26226228,0.95814115,0.30517742,0.066193864
IbVwu1t6,0.07542682,0.07869103,0.33937514,0.4882208,0.025260024
IcHKTLyo,0.21191119,0.13351394,0.5736104,0.5966992,0.005475667
IpW80wVB,0.09876387,0.09345166,0.4908441,0.30086067,0.082218245
Itb0PYUV,0.92725766,0.40716243,0.94385916,0.81582904,0.0058942195
J8fpSwS0,0.19216359,0.22263505,0.7524013,0.1488087,0.80061984
JE1SlbD0,0.71947473,0.45803112,0.8427025,0.9246959,0.0014545496
JEB4McNb,0.82676476,0.2297209,0.931648,0.5047465,0.0039411834
JEE4QVeQ,0.18384719,0.092945665,0.6205945,0.28383753,0.0047841365
JJSEU2VQ,0.07696133,0.26224795,0.6169718,0.16902404,0.95864415
JSsVriP2,0.4895003,0.14370821,0.8382475,0.20299447,0.04314394
JUvQNiOK,0.48183692,0.24195369,0.86597717,0.40434247,0.067846514
JZbrRtm2,0.6922286,0.24175523,0.9006016,0.31004715,0.021633195
JcE9G92B,0.3299286,0.30551553,0.63895714,0.7994163,0.0103549445
JnNYpXHr,0.5614326,0.4250821,0.7683833,0.9042201,0.013526562
JzpbnOtz,0.18198758,0.22971343,0.6975545,0.2652685,0.5796535
JzzUhPQp,0.9441478,0.30954656,0.96583164,0.52940524,0.0022248556
K05R8dQK,0.18115874,0.19898148,0.4747419,0.80147177,0.019968688
K17pG2mG,0.20428304,0.11419896,0.8204128,0.09276849,0.35435453
K8BellUe,0.4158386,0.13511033,0.7355953,0.6406764,0.00028281249
KJ2eH6rr,0.5200744,0.24725519,0.73324376,0.78116125,0.00020186963
KJEJ6Glk,0.7121599,0.40236273,0.8434219,0.8916146,0.0008606218
KSbO0oXS,0.63503003,0.41288614,0.8031229,0.9303174,0.0035520482
KXtvmd01,0.10683747,0.1993025,0.623754,0.1537625,0.82014924
KYiJqBuJ,0.31479988,0.11858489,0.81029814,0.21708103,0.0031961268
KmbAyTcE,0.325058,0.2901545,0.67988616,0.52911067,0.025913406
KnNyl3rV,0.37468147,0.19493815,0.86696917,0.19913325,0.34674233
Kp2DG8TZ,0.22832184,0.19660293,0.7892249,0.20140524,0.08017841
KqQtKWs5,0.07603606,0.09745793,0.59635377,0.082799986,0.4003828
Ku27g63R,0.9605423,0.3947885,0.9544772,0.75302756,0.0030539627
L2aTVqDq,0.12917933,0.10938685,0.3326098,0.8144691,0.007987084
L5jvq6G4,0.073550574,0.10219862,0.59990674,0.0970794,0.47278494
L91hYVQl,0.05774513,0.05806765,0.5679068,0.07729311,0.044813477
LINAMlbA,0.1338156,0.1999595,0.45825616,0.7067774,0.22537081
LJoUNXSx,0.05261699,0.059230775,0.20969121,0.5744711,0.011381308
LLtSiyWD,0.05909548,0.07338851,0.53293866,0.13764103,0.11727941
LQJtV8kn,0.30584946,0.18232773,0.7061976,0.5619716,0.0013284689
LW9uddw7,0.18606386,0.13344404,0.3828854,0.8845618,0.0005357657
LZ6sdBTR,0.81567127,0.3328118,0.91823405,0.68533087,0.0055013113
La2Vhnne,0.45251992,0.3421748,0.7349801,0.82661355,0.023091078
LaUWSq9B,0.45461655,0.22476913,0.78942066,0.7128597,0.00020043767
Lk4SfkPQ,0.22465469,0.18663661,0.47401738,0.8171329,0.00025604255
LllC836d,0.13492112,0.1544672,0.5109501,0.58169866,0.15554526
LuGiGeWN,0.09967352,0.12757914,0.47754064,0.475345,0.3254548
LzcyHcWa,0.07193348,0.20702823,0.5732851,0.13203438,0.97615266
M7veP0H4,0.16724803,0.33499414,0.6175503,0.31120583,0.5826594
MB8aaJUc,0.11260421,0.15927693,0.4088016,0.71065915,0.06935801
MDpe2zuy,0.034482256,0.055029828,0.45285958,0.21145663,0.0052911597
MEzdmEIU,0.1429322,0.18273063,0.69972885,0.20493607,0.44811255
MVnhtivm,0.101632476,0.105307154,0.50459605,0.43304932,0.037995823
MYU7WDis,0.29129392,0.1988155,0.8309536,0.16046843,0.06175424
MZFqh6yw,0.8500058,0.2387372,0.9030309,0.5758956,0.04580909
Mdgy4SsO,0.69966793,0.38339418,0.78165156,0.9000351,0.0016535114
Mj8awnzy,0.1945596,0.25260648,0.78251547,0.1503551,0.6857144
MpFPbUJy,0.956428,0.4195196,0.9692114,0.8136028,0.002157651
Mqk7MFBM,0.18404412,0.34522766,0.75556856,0.15133591,0.5111413
Mqs2t1Eo,0.11562032,0.11964383,0.5220502,0.61345017,0.00045897177
Mv3jFVxp,0.16367371,0.16468072,0.6684316,0.381588,0.21997572
MxODTXvA,0.33490932,0.2716645,0.5794276,0.72436106,0.0034538484
N46PbpPM,0.086005345,0.15354961,0.72234213,0.040826015,0.9963349
N5S5F9Gk,0.077890515,0.10061018,0.42657343,0.48579833,0.39068964
NLDg5fqw,0.34500027,0.10831975,0.62088746,0.27899557,0.096653886
NOho2ZiM,0.9393151,0.31191325,0.94149673,0.7623707,0.0026427635
NUuY7PFU,0.9276872,0.4193309,0.94462883,0.8400921,0.0025922623
NV1e8AEO,0.10277351,0.31023347,0.57691854,0.2611519,0.9382231
NZLXROKC,0.3521926,0.24717033,0.7227473,0.66853446,0.008561945
NaJo7C6o,0.45420855,0.224662,0.84178203,0.49583372,0.01695006
NgsyGkrO,0.39767665,0.23935337,0.72497094,0.782644,0.0022331104
NjOx4Zpo,0.14625503,0.1383993,0.35353196,0.9100658,0.0014965264
NmQoI7x0,0.9103293,0.21601036,0.9642026,0.45695668,0.0122306645
No4wkdLS,0.05984365,0.05337887,0.5301521,0.10288206,0.03993374
NouMwhOf,0.3010355,0.16890723,0.6235129,0.64374185,0.0013497614
O6YAWd8C,0.22946154,0.14468926,0.5878267,0.59998596,0.0018008617
OAXVphSh,0.77601814,0.19807547,0.91814923,0.507459,0.011677337
OJBBhb6Q,0.06895633,0.081659235,0.67439514,0.027748296,0.9618878
OSIQXImL,0.67815536,0.31224132,0.84307975,0.7186965,0.00071737793
OUUFc5Zz,0.09985349,0.18886581,0.5955691,0.17463967,0.71441853
OVk1lquT,0.5136268,0.3644869,0.77137816,0.85693127,0.013816022
OXdRxjzz,0.12662745,0.089194275,0.38287768,0.62225246,0.00747124
OXxW2ekf,0.13544264,0.19876875,0.5226237,0.25523716,0.08759347
OXz5OpqR,0.4405935,0.317759,0.84957504,0.4608472,0.017684584
OcBFW1AX,0.118338935,0.17558244,0.43205327,0.6960747,0.21708524
Of9V2rpt,0.27437645,0.19734189,0.7259129,0.45679674,0.024936637
OfLxPhbG,0.24303,0.16579184,0.72945625,0.4344404,0.012850675
Ojx2vi48,0.07384487,0.07814644,0.6056867,0.09351651,0.20757835
P3M32iuT,0.048668202,0.06853422,0.56485486,0.045859285,0.224682
P7olVzrO,0.123993106,0.14156495,0.59319675,0.33266827,0.10229229
PAPHErnv,0.06647774,0.065534264,0.24349026,0.58902067,0.018744698
PBjEtfXb,0.21110305,0.23540626,0.71748835,0.22942908,0.72825474
PZGpoBBj,0.94763917,0.32094827,0.9699849,0.47465515,0.0038272857
Pc2RrxXS,0.09272544,0.098468095,0.42062753,0.39223757,0.0033808965
PcHQ4FOu,0.05788608,0.10794453,0.48508254,0.28380233,0.059513554
PeNyTOVN,0.2726066,0.31141517,0.7043245,0.50712615,0.12785743
PhUPSU53,0.12160127,0.102488235,0.49370006,0.57332736,0.00074982934
PmUNeV2O,0.050459687,0.051556185,0.47917816,0.051588126,0.10761246
PoDJ0uvK,0.9108015,0.44437408,0.9375052,0.7113499,0.0068118204
PsUJdJdg,0.23451266,0.22859386,0.6013921,0.74611795,0.015247841
Q3xLFx1f,0.099028476,0.07008462,0.4418212,0.566661,0.0019243135
QBGxCvdM,0.22640449,0.13150239,0.69843256,0.34401065,0.0031906127
QCEPyu6L,0.12757486,0.11254172,0.41487038,0.6962299,0.008971546
QEfwec4s,0.97042805,0.3945461,0.95908916,0.907893,0.005745151
QZ87Nnr3,0.11218782,0.266047,0.60363907,0.14691806,0.606521
QlyGN9jv,0.09646772,0.17096941,0.5832323,0.2508313,0.58970314
QqgWE1ny,0.09392124,0.15042527,0.5387172,0.45947197,0.01564188
QrjjBpZd,0.10020989,0.082867995,0.2624674,0.86461455,0.00076743064
QsaBiX7V,0.101610966,0.20249641,0.62345153,0.38053083,0.029219605
QtBKJuZk,0.17742653,0.11228416,0.6945208,0.27266872,0.017250407
QtPRO8OJ,0.058087252,0.08029319,0.5391981,0.14325252,0.11462957
R8XcsFnp,0.19722326,0.20745601,0.6217034,0.3944059,0.8993525
RROfRt9z,0.48276645,0.26088163,0.7127685,0.8395798,0.0006125858
RTcbiDGq,0.06815501,0.088799305,0.412862,0.2788697,0.01867967
RVidM9g0,0.5588571,0.22885266,0.8756314,0.17171475,0.38596103
RZnQSH19,0.04543454,0.16627204,0.53700525,0.08094153,0.98039514
Rc4UK7fT,0.11112625,0.15716738,0.4769763,0.63128513,0.1543125
RcKBKh6B,0.16923305,0.24279185,0.6186068,0.34634703,0.60142356
ReM5kDa5,0.22274666,0.17530526,0.68998516,0.53698397,0.0056868372
RfntsotG,0.06001464,0.17003937,0.5743498,0.08601751,0.9139285
RiXMlzXD,0.083904244,0.090896696,0.47546145,0.30149236,0.005882259
Rik83O3m,0.07752233,0.096149445,0.5461498,0.20977487,0.031173354
S3PCzDzO,0.31361762,0.17720748,0.8393334,0.22437823,0.00936361
S77BviOJ,0.06386016,0.1347615,0.4832487,0.3065946,0.095657445
SDdvtktF,0.101770304,0.07136786,0.47362676,0.56289697,0.0009956876
SHs1AyfM,0.19558814,0.1427903,0.7270671,0.31711543,0.05947251
SO4zQy9k,0.11748627,0.21884803,0.6434528,0.18342212,0.83459604
SOOBCoiG,0.0646471,0.07968331,0.7409676,0.030868383,0.99308926
SXkkPB7A,0.20325729,0.296026,0.7067669,0.2785494,0.94027007
Sa93dGqq,0.21291992,0.26976216,0.5677952,0.8110594,0.30144274
SonIG72a,0.10596161,0.22592558,0.56683815,0.35896355,0.7007091
Suf6hIBc,0.12323079,0.22846767,0.6420839,0.15712105,0.95647043
Sx2JeSRz,0.41041017,0.27865306,0.7665315,0.5536075,0.056837123
T1Tlftr4,0.30766955,0.25604555,0.7966123,0.1948895,0.71855855
T7ulR4ci,0.11351137,0.18803269,0.70425975,0.12724473,0.69318515
TA1NB3Br,0.17207299,0.268455,0.6803477,0.22176892,0.91252977
TFZUskaK,0.3888118,0.21876577,0.67429334,0.60178775,0.000569172
TNL8HGWZ,0.17577778,0.1114557,0.6372548,0.35510865,0.004991575
TZ8z1GSF,0.057590403,0.0639227,0.5073907,0.2606214,0.01567677
TqhRvkJJ,0.84754336,0.13296697,0.9487801,0.30079147,0.005249356
TtJCUiY4,0.1637464,0.25304586,0.6890316,0.1908352,0.9148152
TwDq0lua,0.36187842,0.12950027,0.78758997,0.36967304,0.0065972833
Tzyf02sI,0.18702681,0.14381987,0.81749606,0.11921348,0.9464732
U3yI6ZS5,0.9712422,0.41746002,0.9627458,0.8816277,0.0041155173
UBLnXZAN,0.11968425,0.11530439,0.24156551,0.9219914,0.0015237435
UBWDzleg,0.1158584,0.14355817,0.43784058,0.74038136,0.009329009
UBqkX6SY,0.9316573,0.3467136,0.9653788,0.5894634,0.003424391
UCIAi1Aj,0.07099435,0.071357876,0.41393965,0.27351233,0.0018946391
UPbXGvCS,0.27139956,0.1356365,0.68973446,0.4512429,0.0014102631
UeWm1l9F,0.15663289,0.1468981,0.3734677,0.7913108,0.022330593
UhucscY7,0.07387744,0.053986896,0.45064422,0.40538824,0.000117482035
Uri1SvHV,0.2249944,0.1434833,0.61889255,0.5188952,0.0019544573
UzxipGJS,0.09009968,0.17134233,0.5412438,0.2098683,0.57437813
V74zfaAQ,0.17723992,0.14975518,0.5699219,0.61040056,0.0018511553
VBPxBLTh,0.8990565,0.35222343,0.9323904,0.77943426,0.0048639746
VLG7CXYS,0.16302945,0.2573246,0.624395,0.42491278,0.4848163
VNk52SpF,0.13468094,0.10266586,0.2088595,0.96513134,8.967626e-05
VOREKsok,0.030127613,0.17797422,0.46945694,0.05937764,0.99775654
VRhTr5pX,0.09370128,0.13021918,0.6443891,0.11033744,0.419653
VTcG4Kcw,0.28622976,0.31849372,0.7625479,0.373444,0.59731966
VeKiWSbS,0.15273891,0.21840301,0.6535439,0.20440799,0.8633796
VnU8nJHU,0.09964383,0.18005632,0.60794264,0.21541867,0.09371969
VueNCxYv,0.16360986,0.21487057,0.5650634,0.36796397,0.28314662
VxuQTRUl,0.070862465,0.123703636,0.6085356,0.19247614,0.009640693
W5lgaocA,0.8386062,0.3125489,0.93273187,0.4998516,0.040554643
W5mMq9Ef,0.13548839,0.15616563,0.47619364,0.60261947,0.10244858
WDhNqFpS,0.35394976,0.27117413,0.6135494,0.8934962,0.00057805236
WE6n1kZi,0.07022991,0.07547979,0.24339385,0.7260361,0.013861282
WFk6r3vA,0.06699887,0.10718599,0.5283317,0.28328604,0.06895019
WFyIrsUR,0.17390387,0.12090866,0.27668205,0.94910246,0.0001370855
WG6ZAsqR,0.04822368,0.15834829,0.5734187,0.08162224,0.952499
WMq3CZQk,0.10977059,0.094131015,0.29777136,0.8607058,0.0010657685
WRskmGjh,0.02714991,0.03854459,0.43046352,0.16653965,0.0061428295
WXijSglj,0.060993664,0.055377513,0.40754056,0.35864353,0.0050063543
Wc0stQgu,0.10519801,0.09051393,0.3300544,0.7071386,0.008583854
WewoSCUB,0.060824905,0.06687322,0.5711153,0.05186326,0.3883467
WuHuhHWJ,0.19031884,0.21295795,0.7640883,0.13312882,0.8564986
Wv7EBtZb,0.88207304,0.3728064,0.9523614,0.6271598,0.004284537
WyPlxDn0,0.10990658,0.26456687,0.6428303,0.17497656,0.89721036
X3WqoSNN,0.9442778,0.38905853,0.9213681,0.7519396,0.0054389914
XDhyP9KB,0.093483776,0.1090371,0.4885866,0.5312554,0.007636759
XQxhDRMG,0.12027326,0.14267713,0.4392005,0.5343065,0.4416859
XjLNAwxW,0.2655725,0.19046256,0.58146757,0.7435875,0.0004096399
XjfVQbXd,0.77702785,0.3004901,0.94027257,0.43643442,0.0083746025
Xovczbf6,0.03172201,0.17463495,0.46779394,0.06905546,0.99442744
Y8H4onBf,0.080623426,0.1260943,0.57295483,0.09407039,0.33422336
Y8YgzSZ9,0.9428503,0.49078068,0.92788506,0.8030792,0.015513148
YC4PNV20,0.06618092,0.28941944,0.5332455,0.13411438,0.8781216
YDHSCRdd,0.98071176,0.4156341,0.9626113,0.95211834,0.0046754032
YIJ87aME,0.14760229,0.26748475,0.63125837,0.3684101,0.05985044
YKvT4dFv,0.0945363,0.12142764,0.5126554,0.30719772,0.20314565
YNebALR2,0.0789104,0.10267559,0.43288213,0.4413126,0.1501343
YNrnqFyb,0.3425355,0.3271602,0.7366736,0.53806186,0.07208604
YUZ4lR3m,0.0914957,0.17584066,0.50298786,0.22461557,0.32925746
YYLvjoVC,0.42235512,0.21039903,0.851413,0.47566143,0.0032265028
Yb8OtMb2,0.3293703,0.15995482,0.7041065,0.57438135,0.0029818818
Ycg4lTYw,0.066249475,0.07450472,0.18448125,0.83972394,8.602485e-05
Yfk6tekH,0.6085202,0.24849822,0.852638,0.48125574,0.011896601
YoSfgmR6,0.07215055,0.075482704,0.48148727,0.44939402,0.005794618
YpzFvexy,0.087648325,0.08276995,0.4839544,0.47042516,0.006779816
Yxqppfa3,0.42526326,0.21027361,0.6810123,0.8442789,0.00062467775
Z16jTUvP,0.16398197,0.22221221,0.53900677,0.5428028,0.103768066
Z2BdCCbJ,0.14299037,0.29614428,0.66536367,0.27249599,0.932296
Z2JJMM6V,0.14224327,0.24411376,0.607178,0.37869707,0.053010646
Z5jE1OB5,0.18066017,0.22472614,0.62663186,0.47357872,0.22750954
ZFsIqYxA,0.084687695,0.116034575,0.44207102,0.38502502,0.02401133
ZHDVsoRh,0.1092276,0.098083206,0.46033818,0.5107012,0.005325275
ZSmfu2Fc,0.15132716,0.16426526,0.5846448,0.54297566,0.11519627
ZU8YXF3H,0.042793512,0.15209976,0.5207428,0.07238547,0.97721285
ZXKaNy6Z,0.098847665,0.07690068,0.55091345,0.2837694,0.007453715
ZbYLo0zK,0.1476792,0.07396004,0.69602287,0.1918457,0.005300894
ZedN8Gcn,0.095573254,0.09555893,0.40524435,0.44837517,0.004098884
ZgD4Dau6,0.23670119,0.14137685,0.7416629,0.2647634,0.014747981
Zgzf79LA,0.047753442,0.06588513,0.53311217,0.050666176,0.14201945
ZjqzxDOF,0.67971784,0.29257524,0.9008197,0.4678294,0.015535749
ZsZ5aDpq,0.4747439,0.29862985,0.728739,0.8924131,0.0006178466
ZtyqE7If,0.3256249,0.24017979,0.5975431,0.67213887,0.003340491
ZvUgz01f,0.2188677,0.18358102,0.7830685,0.14871056,0.4200352
ZwrhgdQV,0.50190276,0.27580327,0.71316844,0.8327469,0.009364831
a7bhJGBU,0.93246067,0.39285943,0.93602246,0.7680225,0.00823454
aHpv6KzP,0.97098,0.38599214,0.95490247,0.85294646,0.0038583335
aINzEBVN,0.07621957,0.06369345,0.5042716,0.1349238,0.00898413
aP9EtTGF,0.9590112,0.27925435,0.9639564,0.5766348,0.0027130689
aV6EhtSL,0.0646378,0.06548277,0.5563676,0.17374077,0.009148262
aVZsXKoH,0.93916374,0.3122433,0.96555316,0.46880075,0.005193971
aYVnVJvc,0.3151902,0.23868646,0.6408964,0.7950768,0.002048511
abCzN1zx,0.09512236,0.08322654,0.2806907,0.771408,0.0032785875
ae7sMiB4,0.33637822,0.24720885,0.7574309,0.5242801,0.019479364
afsVuCGV,0.19663303,0.24562116,0.6005999,0.7299969,0.13027881
aiwBQETI,0.21685852,0.12885457,0.6764153,0.38866457,0.004585555
aiyli4EI,0.9291775,0.50096333,0.9128251,0.86967117,0.011631585
apJ7NmzD,0.9428718,0.3500795,0.961169,0.6622618,0.003977709
atVjNMtQ,0.15008469,0.099572286,0.21863987,0.95647573,0.00014238432
b5GirVGV,0.05628788,0.09888842,0.5585106,0.06527401,0.7387139
b9SpMjNB,0.24423829,0.41074446,0.68166846,0.56629837,0.5471949
bAFs37yy,0.08859864,0.21492465,0.6118291,0.115844116,0.9204574
bDia1hHV,0.25791946,0.20712216,0.5322022,0.79842514,0.001004534
bFkv5Mtr,0.29370362,0.25793776,0.7269077,0.62364703,0.059444815
bHe2IXgA,0.11506782,0.10909398,0.18917248,0.9679015,0.0002073575
bWX3vUm5,0.24768183,0.2031432,0.631009,0.60666317,0.00780952
bat8tcGs,0.2448904,0.10802155,0.48033175,0.7910876,0.000108219494
bfjej4wu,0.109310575,0.1339823,0.44515777,0.67084324,0.0041785142
bh04YDiP,0.13252449,0.1545167,0.5301742,0.5177099,0.054842953
c110Fdc8,0.17235595,0.1713401,0.65306425,0.23693158,0.4366641
c32GUzMa,0.086692706,0.13693513,0.40180105,0.6084122,0.36478013
cT6uU0B0,0.112937234,0.21215829,0.5625481,0.26592556,0.9235934
cWXCiFwh,0.04000177,0.03963452,0.4356946,0.23018926,0.0017504534
ceNvS3yd,0.10025598,0.10710953,0.4262479,0.49625623,0.09592061
cmwdt4Av,0.9076954,0.33161908,0.94836426,0.6860218,0.003185497
cn4EHsup,0.105131194,0.11231521,0.4152158,0.5312597,0.030458463
crVOGGTT,0.21863489,0.4471305,0.6752134,0.24589121,0.8300403
csPEJ1E5,0.051340654,0.16124079,0.48301297,0.11308338,0.08777924
d0UrRtMk,0.073132,0.20914395,0.6356074,0.074770674,0.97613657
d6LU4G4I,0.15823573,0.23964731,0.53704375,0.5957473,0.065445445
d74T1DVv,0.14911729,0.13870253,0.38006347,0.9023857,0.0016908636
dR6rM1tQ,0.40985924,0.16834861,0.72271293,0.7483824,0.00052507484
dUNxOoqg,0.12500736,0.111667864,0.39527923,0.71607155,0.007148472
dUnlyhj7,0.6374053,0.17769931,0.9210652,0.22661671,0.033310153
dVDlnZQ6,0.068560645,0.086619146,0.25705194,0.5862781,0.0006639308
dVT26GDu,0.2122899,0.34934568,0.6918806,0.3209808,0.6472028
de43ycXY,0.740769,0.3047607,0.9068184,0.3421066,0.021035515
dfIn7m9z,0.09550158,0.108918756,0.46766573,0.41427827,0.028462484
dhmb9ZY9,0.98456615,0.39240614,0.9766964,0.8600384,0.0018341307
dn8kCuyf,0.14775854,0.09520067,0.6602132,0.23740965,0.013657472
dpcquvWW,0.086640105,0.14251603,0.516765,0.26189795,0.21055697
dqcbIMyr,0.057405464,0.084626265,0.347288,0.45659524,0.095821194
drWgsBf5,0.14088736,0.14539883,0.4728215,0.77735204,0.0006800778
dytx0HSe,0.030244822,0.13966,0.4910289,0.069208845,0.980926
e4KkkIha,0.9194298,0.24597934,0.966818,0.4468007,0.0034732874
e9YorH4m,0.37215364,0.10159029,0.8279905,0.1701325,0.11221168
eB9gVQ0R,0.45522967,0.487504,0.71785873,0.32698193,0.82580644
eMhLFqU6,0.10313987,0.12558116,0.45931825,0.5447132,0.1308957
eMllg1qm,0.6242039,0.38576952,0.85713404,0.5702192,0.0058899545
eNPunZ9i,0.16504392,0.22156666,0.46790153,0.77868134,0.13121171
eS5BSM4J,0.0926963,0.15109013,0.6671049,0.10729551,0.9492325
eVGMFoOI,0.35461956,0.12735105,0.8025033,0.21060531,0.15023477
eaIwb3rG,0.35070464,0.37096554,0.75530994,0.47268912,0.9254852
eyzw8Vis,0.16722676,0.21761385,0.64155495,0.27635276,0.89153224
f04Ke2bN,0.10812151,0.16435328,0.5171255,0.39520705,0.4185861
f4GA0te1,0.13775302,0.13613896,0.6627926,0.13426892,0.3030521
f7bd91h5,0.09104737,0.2197237,0.663094,0.123675376,0.8870604
fB7z9ndr,0.19899987,0.31627148,0.73767185,0.21954033,0.93456084
fEe7AWFA,0.43054333,0.20312516,0.679989,0.7978889,0.00022243481
fJJIbgY9,0.7904016,0.29669762,0.94208443,0.38589785,0.005087528
fQBURMvg,0.09259826,0.21199045,0.5798554,0.24832459,0.94007057
fS0HpOub,0.08038002,0.19411749,0.5903682,0.13933884,0.8645989
fTDXauuk,0.6548743,0.21187112,0.8681299,0.37732488,0.010092735
favPNA2N,0.22002505,0.27916422,0.5423981,0.81236005,0.22051802
g3Fv0U4k,0.087381676,0.094613574,0.25994053,0.7716211,0.00185808
g5PKo2E2,0.46541592,0.1616069,0.8615469,0.2754588,0.01373887
gbjnD5fe,0.114671685,0.1757151,0.6274027,0.13317,0.70129913
ge9zqXCv,0.17772152,0.11831469,0.27768683,0.92234623,7.8787074e-05
geeqJpSE,0.103794165,0.19788355,0.62635046,0.10105279,0.94195294
gqy1J2RS,0.37079284,0.16404495,0.77103996,0.43652025,0.0030244512
grlUtS3H,0.20965627,0.13111839,0.57188594,0.6961012,0.010608558
gx965KYj,0.19246241,0.12905645,0.58262616,0.6946072,0.00056554895
h3F08Vjm,0.13808043,0.21684125,0.73835635,0.123420574,0.94848627
h6FQG8Iy,0.27283946,0.34018666,0.75297403,0.25048518,0.9398708
h7ftM8b3,0.93076354,0.31017795,0.96070445,0.5480766,0.0020150766
hLrCHXZv,0.3230258,0.1725423,0.74080753,0.5719086,0.0014567877
hQ6VBuFx,0.43666905,0.4931978,0.7152123,0.40545204,0.81861085
hYoR2y7w,0.18109195,0.15853421,0.4784072,0.75103897,0.00015729116
hf65yZkM,0.6039038,0.2935615,0.80483884,0.87319756,0.0015038033
hjuwe1x4,0.18889283,0.20797904,0.719884,0.23784806,0.13115765
hyINlsFR,0.39272517,0.3612557,0.5871834,0.74987257,0.4209151
i0Qlm9Bv,0.21458268,0.24570905,0.7973514,0.1727801,0.83229375
i1VxfxMb,0.19734013,0.2312706,0.7809649,0.15926465,0.8893558
i2l6jXNP,0.075805135,0.10813024,0.47744432,0.4308904,0.11112093
i4FgPZv7,0.11634632,0.33657256,0.62548107,0.20550567,0.78388375
i7XtIkSi,0.21944658,0.21496986,0.59066063,0.6473068,0.008909152
i9z346Ut,0.21205226,0.24480909,0.5301622,0.74015236,0.182315
iDOat4cZ,0.9270565,0.31842074,0.95821095,0.5301387,0.0053811213
iNv6RoSO,0.1245332,0.18215734,0.57235926,0.31384373,0.6319806
iSL9NYzy,0.98025036,0.3921979,0.9565329,0.920798,0.0034380662
iSqVc1r8,0.7001885,0.3310255,0.89205444,0.4128469,0.019350002
iYZMftt6,0.2218137,0.1861663,0.523082,0.730459,0.00026452699
ieTPaa3c,0.08387665,0.1124847,0.45176524,0.3971391,0.105899
if7BmzU0,0.08615592,0.21050565,0.6265736,0.076277,0.9742793
ihNz5bmx,0.13522074,0.20154549,0.49468017,0.6269154,0.08256561
ikJXKdIN,0.036751915,0.045397114,0.5817436,0.024971304,0.54256934
iq2kxikN,0.18006684,0.11163825,0.56077874,0.42192465,0.0044173086
iuZEDJK7,0.09280974,0.17196067,0.6402378,0.10585354,0.91350186
iyF8gVT7,0.1885893,0.26332748,0.6696742,0.2541422,0.90455383
j06qdQ0V,0.11099472,0.1513941,0.5114461,0.34492958,0.12380567
j7hl8svO,0.36753866,0.24879384,0.59862924,0.80205727,0.00025415083
j8hMoJUN,0.051818352,0.04827652,0.5357988,0.079000585,0.03804626
jNaFasbV,0.08489247,0.10535888,0.34397528,0.7412988,0.0062378678
jVVHeYHT,0.23447928,0.2086209,0.78056484,0.24876325,0.07048494
jXm4ySvK,0.14639623,0.2814236,0.61020344,0.40293384,0.5077284
juO5ii5l,0.35819286,0.23034124,0.8453974,0.25458026,0.030759064
k2hdEBsU,0.09725166,0.14999673,0.6880489,0.119074866,0.8432774
k3ynMfhN,0.54666054,0.24970524,0.9081166,0.3260553,0.12140226
k9C9yBtr,0.3178938,0.20948732,0.7179835,0.601322,0.0034241143
kAKRvcRo,0.07624066,0.07600007,0.2799073,0.7346268,0.00043617326
kBi3R2oC,0.2622685,0.21253227,0.72912306,0.46347508,0.013183757
kDWmnsXe,0.1597287,0.21510196,0.6753905,0.13208883,0.20243509
kSGBd2Vh,0.09273886,0.19062114,0.6684423,0.0762868,0.93971485
kT0miHPT,0.06713631,0.115211405,0.56835014,0.13714287,0.665964
kaW0TfRn,0.13229632,0.14500783,0.59332913,0.1741537,0.16032633
kmg3SowO,0.1178602,0.12318276,0.36901426,0.6402126,0.037869006
kpxKSlnF,0.9367235,0.4140153,0.9423473,0.7956247,0.04375422
ku2cn1MV,0.7869123,0.22201209,0.9382536,0.5172655,0.005711843
l1su5HU9,0.21629578,0.29848593,0.625643,0.47568986,0.11966205
l8Tg2RvD,0.2547751,0.27693668,0.77563536,0.25623417,0.14095527
lB6NsVOc,0.06147296,0.055689912,0.7390517,0.017780798,0.98126465
lEcdVyKk,0.06979793,0.24509051,0.5474036,0.206654,0.94055426
lH4TasGl,0.57008994,0.213285,0.87543094,0.35933283,0.00910126
lO9aggHW,0.23172008,0.28574726,0.6810395,0.59221315,0.1429825
lW3m9Vzu,0.118056476,0.1450229,0.47654748,0.45501897,0.009606934
lYLseGDP,0.38241717,0.09581098,0.73799646,0.25443694,0.0326279
lcOnCdZi,0.4285502,0.22485194,0.83397263,0.3520921,0.018977383
le9YGwON,0.35364535,0.34680068,0.7159816,0.57302696,0.028133353
llMvu3TX,0.95270854,0.3117749,0.9693238,0.35156405,0.02346627
lnHh2jFO,0.67775166,0.2678956,0.9054702,0.32103172,0.021639595
m07CVXd4,0.17246075,0.26133496,0.7940168,0.066281445,0.9680039
m1lPk91z,0.1962332,0.25556272,0.80796593,0.11295537,0.7631633
m9IQdmwa,0.05970846,0.14104116,0.5635025,0.087091066,0.90728116
mG9BRy5x,0.08614076,0.24540421,0.5379672,0.3089827,0.20097484
mVHXnama,0.092763975,0.08453467,0.5398538,0.13234304,0.03313453
mXyrR6nU,0.10385873,0.118030645,0.6362207,0.19627279,0.12900172
mbzNdxNc,0.16381778,0.15398322,0.4963524,0.6511021,0.020810014
mntH7g3L,0.6699296,0.2924824,0.88180274,0.37267807,0.025372751
msRTXP3H,0.143015,0.21842653,0.6273636,0.3890527,0.19520019
mxBjvIPR,0.07806928,0.12053102,0.46669805,0.18415748,0.21278116
n8Opmfbz,0.84311634,0.2119981,0.92710406,0.60152435,0.007126761
nOkgU29Q,0.15672088,0.18638524,0.416194,0.69875705,0.016254524
nhttf7VM,0.45600253,0.33071053,0.8245355,0.5694015,0.016375298
njLbXYa3,0.085557155,0.08378006,0.47968772,0.3078597,0.010899357
nwkIpzmh,0.5530827,0.21665467,0.8743735,0.44591516,0.0052746343
nzB1R9Zg,0.5453831,0.18952529,0.8576811,0.32622677,0.042234153
o1rZRI84,0.0606518,0.059243683,0.49528417,0.24606408,0.0004122662
o7q5Mbty,0.43087152,0.21937928,0.6529614,0.7614833,0.0011748385
oCBvysqB,0.04483095,0.04359189,0.4518133,0.26683545,0.0014967958
oDmycTPH,0.038549893,0.04572348,0.6539262,0.013911468,0.9425626
oFAXZvQv,0.044168353,0.084258445,0.47401488,0.27295625,0.046215408
oHE3M1zX,0.21979979,0.23462525,0.5672976,0.7813593,0.077240214
oMhVmSpV,0.035744682,0.050617527,0.4230913,0.23685908,0.014287748
oNsDqVbi,0.74036866,0.29428875,0.93369997,0.3615501,0.009813124
oYAJqQk8,0.0545901,0.04871037,0.65722716,0.017605536,0.25998938
ob5Kb6dW,0.061555296,0.22818705,0.558904,0.18024142,0.96902364
obnzqs79,0.085212626,0.0807853,0.5632251,0.092118405,0.14161153
oncLcgRP,0.08426372,0.10265935,0.473404,0.3769973,0.049373187
ooWVYaAe,0.08235173,0.102655575,0.25344104,0.75871307,0.00078723603
osdyOUnV,0.11791557,0.18240064,0.4005193,0.79026407,0.08636681
p7H9CzCv,0.17250942,0.21527849,0.49224332,0.77102387,0.012046944
p7U9hVhY,0.088156305,0.2097955,0.54834294,0.2228281,0.85179687
pE6Cf1RV,0.21465571,0.30760726,0.70122856,0.3299694,0.6230202
pI7qzotI,0.23830515,0.20328923,0.62579226,0.6679693,0.025004046
pJrIA4sk,0.079571694,0.092756234,0.59614825,0.13735867,0.059193663
pXne2CLZ,0.16941188,0.11105344,0.3127859,0.9159959,0.00037038163
pZMcDIOS,0.061186746,0.13090642,0.52509415,0.094236456,0.84174734
pavfp3cc,0.39123628,0.20287202,0.8136953,0.40051335,0.00495883
pbQdC5L3,0.08932812,0.15488602,0.5410974,0.15099208,0.23523088
pgj7aAFP,0.16807707,0.22573432,0.63619375,0.26072803,0.5413856
pxg8G3ed,0.35323584,0.31768015,0.6271519,0.5278422,0.65254396
q36Npk6l,0.06706039,0.060182773,0.5931597,0.06297767,0.670933
q4aDOVvq,0.5000069,0.22216235,0.8058818,0.5951352,0.0047677816
qGmfR9CN,0.19207774,0.18205103,0.48778838,0.8073412,0.014069743
qJ51ODpA,0.10176926,0.11718905,0.33251905,0.71329516,0.037768934
qQX3cs3I,0.41576093,0.25999984,0.8399365,0.39077336,0.009837967
qXeIxPb8,0.11990021,0.23357919,0.643039,0.21077648,0.9377602
qYQ4MShM,0.44131124,0.29301402,0.68784255,0.77841455,0.0008473607
qa0etnhK,0.4597795,0.26312426,0.78455603,0.74492896,0.0004330224
qbL4sboq,0.1926324,0.22396305,0.6370412,0.4534624,0.02050592
qbYrsWHq,0.7117237,0.27803713,0.8847885,0.54734766,0.033043467
r1zmcUqQ,0.4759819,0.2419742,0.79007226,0.3263654,0.022005731
r54iHeQC,0.10515132,0.19203447,0.6365546,0.10515457,0.94298685
r6xrAnQV,0.935324,0.24611196,0.9092479,0.731824,0.039271694
r9HxnQDg,0.34080663,0.28616208,0.83588904,0.33315575,0.37476367
rG8Puuf9,0.78423405,0.3002688,0.8998034,0.71706194,0.0052946676
rGuiefuR,0.12625736,0.1359371,0.41321108,0.72499704,0.006719694
rJ19OhGP,0.06428954,0.24919045,0.5504763,0.19059403,0.9855091
rOCYepHd,0.48176956,0.19487478,0.88163024,0.2934065,0.005153899
rQJaOPFI,0.20625718,0.24229448,0.6942936,0.20327072,0.23741928
rQhZtZeh,0.32746905,0.2716779,0.79503995,0.2569103,0.63487476
rapmok0w,0.09226389,0.113578305,0.40412524,0.5907581,0.035213098
rgzfnPVu,0.28374583,0.1899663,0.828834,0.21765375,0.017478889
ri4qhb1S,0.092492834,0.08115205,0.62019986,0.18092111,0.007012911
rqpFYzff,0.048527036,0.16498193,0.54712975,0.079151936,0.24094222
rrs22coX,0.16772477,0.24370098,0.73761487,0.18198895,0.974213
sEeUCQLc,0.07763543,0.21167703,0.5543103,0.28146347,0.7270603
sHScwqQl,0.15238152,0.2190845,0.6918142,0.11317123,0.95878464
sNC7DiAt,0.06551227,0.2589463,0.5360099,0.10653418,0.8211081
sNK2TSs3,0.18960981,0.25776866,0.77751184,0.20239423,0.9767917
sO7Su6uw,0.08186214,0.085623056,0.34040213,0.6089295,0.026656842
sOWZx89o,0.06860218,0.126121,0.54820096,0.13496351,0.9149383
sPbRcPjC,0.41259402,0.31515267,0.68847364,0.71733725,0.0134780165
scVUfTKI,0.3868731,0.24443026,0.6794876,0.8669265,0.006965418
seRaGeVv,0.18305482,0.18161923,0.68157935,0.3933403,0.03757526
sgtwiYWi,0.08827481,0.08157165,0.41452834,0.5009598,0.013020025
sjmLHcT6,0.066353045,0.10037977,0.60077506,0.06994817,0.40518814
skZUZZGS,0.10993687,0.2872817,0.5974873,0.23766115,0.2991907
suAmzADX,0.40877244,0.37360266,0.38932264,0.9800213,0.00044085959
t4GWLqlO,0.66268253,0.14654595,0.9197268,0.3177885,0.008224499
t7gy6Jyy,0.36040765,0.067944676,0.89974993,0.074758515,0.013310712
tBadzH60,0.9468899,0.32127994,0.9658462,0.5869303,0.004403473
tXUWm0hp,0.18871304,0.15561394,0.56892884,0.6541158,0.02490865
te6UPPxf,0.051471766,0.05461086,0.4075397,0.48239496,0.002250744
ti2lamkL,0.4940026,0.21923798,0.8641093,0.40274814,0.005918361
tr0lpwuU,0.38195992,0.17649856,0.31904495,0.9864326,5.878928e-05
ttdB5C73,0.21281973,0.1586212,0.7292153,0.3678137,0.026008083
twS8YZu9,0.067532174,0.06768997,0.5608564,0.13777019,0.024704989
tx68W34H,0.13053595,0.1604424,0.37644017,0.84726465,0.008491391
tyQSX4mY,0.27362388,0.14377381,0.8209098,0.17918569,0.01337435
tylKCRc0,0.1101809,0.14857467,0.5768028,0.20539197,0.44430837
u1544WUo,0.10296504,0.07286164,0.60428953,0.23653421,0.0047866483
uAw9an0d,0.49292642,0.17357115,0.8605743,0.47416723,0.0008332827
uLZAEXMG,0.9462567,0.31564045,0.95557034,0.69018376,0.00229878
uMwe1s7I,0.16751932,0.13801289,0.3697764,0.9013379,0.000348969
ufhGeV3q,0.053219,0.13369113,0.5304826,0.093554825,0.27509937
uhAeGBHo,0.14276662,0.17196843,0.41915154,0.72611517,0.0080144955
ujHNlqpw,0.88383615,0.33122694,0.9488288,0.64742297,0.0019744262
ulV6kuhB,0.14551516,0.24424183,0.70532274,0.14946163,0.9463238
uohEnNEK,0.088316984,0.08664595,0.28391913,0.7944802,0.00090136006
v1lhA8I4,0.08790346,0.13186407,0.7882855,0.026480658,0.99717593
v3JzigLI,0.08977709,0.09930889,0.5659851,0.09961237,0.23728432
v5IwjyIg,0.08073536,0.077406794,0.42892206,0.5233157,0.00021928937
v6lp5TK1,0.19933815,0.21004754,0.79520136,0.10463531,0.6707088
v8vOaaWq,0.10858324,0.13748,0.4191066,0.57016546,0.15155122
vAYKtoil,0.16697907,0.13023697,0.43039072,0.7761115,7.9828074e-05
vGTNQa6G,0.95839465,0.3825315,0.9518874,0.8437406,0.023409778
vQzNxHoL,0.051397026,0.042749997,0.3854776,0.2591781,0.0015292634
vfZGBUJm,0.13130395,0.15316978,0.5680969,0.43279287,0.024579927
vlooVUoT,0.21879831,0.296448,0.50210184,0.785731,0.031971797
vrACvd4O,0.110879965,0.1153777,0.48147938,0.45613614,0.0042389478
w8hdjLwb,0.2217784,0.16675678,0.7906213,0.23736322,0.14446828
wAntv4gH,0.6385348,0.29269978,0.8971656,0.3425863,0.12577775
wIUL09q0,0.05486015,0.056330565,0.5241633,0.088024236,0.12903215
wOzx7Fgz,0.089033455,0.12034206,0.4836952,0.26014867,0.04662668
wPhjhCJQ,0.05609152,0.23652199,0.5212254,0.16302481,0.9893461
wQSWWmYB,0.12856758,0.10737448,0.7034736,0.22132765,0.04498379
wdIMrXwy,0.9385116,0.32559535,0.96718305,0.4303638,0.014280746
wiL9npQc,0.09256346,0.17726576,0.60571176,0.1372474,0.7610265
wnU95Cxn,0.9250119,0.24631011,0.9647606,0.35996222,0.0038661154
wpJbbjJs,0.4796775,0.31411657,0.8339219,0.5350138,0.008340904
wsOWTAbI,0.5708339,0.25019917,0.7311776,0.84639376,0.0064066374
wtdBcU3U,0.0694981,0.06807263,0.51306725,0.15035191,0.048759963
wuKXVxOc,0.08355848,0.09981199,0.42743707,0.34143427,0.612465
wyzadAt8,0.048353348,0.16776235,0.52741367,0.06328426,0.9929032
wzaKzYwi,0.25559622,0.11677292,0.8610889,0.041683596,0.67004794
x6GCk4EV,0.1448926,0.21977758,0.70477265,0.12108799,0.929273
x6lUi3vf,0.34985873,0.17669776,0.63901997,0.83491874,0.00044465813
x8mwDHv9,0.08780413,0.16438691,0.5316635,0.2174447,0.41945422
xIYm6puH,0.6566696,0.38374835,0.81441206,0.7950531,0.003722241
xO6UdpsK,0.5541866,0.29021668,0.7997502,0.5070465,0.0066961036
xQ2bkOvj,0.12538414,0.08617917,0.29909778,0.81937754,0.0005071508
xeXyDCEQ,0.96521044,0.4023708,0.9586998,0.8404693,0.0030529685
xrggHziO,0.30250257,0.16187854,0.76213366,0.41936263,0.019002043
y1WMCmqQ,0.05986964,0.083174475,0.4507114,0.12924145,0.037980705
yDngezhM,0.07387909,0.04532089,0.5817335,0.08974329,0.025340125
yLiFjMD0,0.19224167,0.4007139,0.68092656,0.18149091,0.8088071
ySwEBO7w,0.06995181,0.08642272,0.4247952,0.5264109,0.0053163236
ydC9UsSm,0.119170055,0.14579247,0.36250824,0.6236825,0.13495952
ydEG4VBd,0.12411146,0.10945093,0.6039763,0.3686214,0.013034898
yf76yWXc,0.55392385,0.28099364,0.8647124,0.43105012,0.010862272
yg70e63n,0.23035023,0.22578378,0.60277116,0.61531436,0.0115774935
ywxtlSKv,0.07551995,0.07683656,0.41020024,0.32500193,0.0010950216
yzKPQPOR,0.13204305,0.10303476,0.3307338,0.85558945,0.00018794557
z5cnOnZ1,0.07390368,0.07432808,0.42477444,0.2783094,0.0056666723
zFLkOE0e,0.39578447,0.2322347,0.751827,0.7382426,0.0021811144
zGi72mxL,0.20238146,0.14576653,0.41627717,0.8138575,0.00016651378
zN925UV3,0.14633256,0.17625885,0.49007273,0.79704434,0.0052288068
zTy2ih7e,0.062090255,0.0782237,0.4545047,0.2545755,0.46541983
zVFzAutw,0.25846714,0.37937644,0.7196261,0.35606256,0.56407267
zYxNAkht,0.064204626,0.094291806,0.61732507,0.04582683,0.7196186
zaWDBai3,0.24923597,0.28569007,0.5990977,0.62599933,0.75204355
zg3u0Zsx,0.2556799,0.27240822,0.648724,0.58438253,0.039499413
zlwLfdsS,0.19138049,0.14303325,0.2751643,0.9685019,0.0003067653
zmbKzVfl,0.0033997144,0.0063646864,0.6748469,0.23779647,0.010205692
